driver_id,total_fare,avg_distance
47,205.13000000000002,24.389999999999997
