driver_id,total_fare,avg_distance
24,494.15000000000003,32.778571428571425
