driver_id,total_fare,avg_distance
15,353.14,22.819999999999997
54,359.44000000000005,19.3675
