driver_id,total_fare,avg_distance
74,179.91,39.598
72,346.65999999999997,18.520000000000003
