driver_id,total_fare,avg_distance
33,110.08000000000001,9.096666666666666
