driver_id,total_fare,avg_distance
71,347.54999999999995,24.433333333333334
