driver_id,total_fare,avg_distance
74,101.46,35.65
72,192.14000000000001,18.01666666666667
