driver_id,total_fare,avg_distance
75,206.92000000000002,37.903333333333336
