driver_id,total_fare,avg_distance
36,94.05000000000001,6.890000000000001
