driver_id,total_fare,avg_distance
65,179.72000000000003,30.403333333333336
