driver_id,total_fare,avg_distance
79,222.88000000000002,34.163333333333334
