driver_id,total_fare,avg_distance
66,391.23999999999995,29.839999999999996
