driver_id,total_fare,avg_distance
99,140.45999999999998,31.19333333333333
