driver_id,total_fare,avg_distance
88,175.79000000000002,28.650000000000002
