driver_id,total_fare,avg_distance
35,388.90999999999997,31.063333333333333
