driver_id,total_fare,avg_distance
32,261.91999999999996,23.080000000000002
