driver_id,total_fare,avg_distance
37,273.66999999999996,30.996666666666666
