driver_id,total_fare,avg_distance
81,640.6800000000001,30.764285714285712
