driver_id,total_fare,avg_distance
80,159.26999999999998,15.530000000000001
