driver_id,total_fare,avg_distance
34,442.84000000000003,27.63666666666667
